collegeName,country,dateOfBirthUTC,firstName,heightFeet,heightInches,heightMeters,isActive,jersey,lastAffiliation,lastName,nbaDebutYear,personId,pos,teamId,temporaryDisplayName,weightKilograms,weightPounds,yearsPro
Pittsburgh,New Zealand,1993-07-20,Steven,7,0,2.13,1,12,Pittsburgh/New Zealand,Adams,2013,203500,C,1610612760,"Adams, Steven",120.2,265,6
Kentucky,USA,1997-07-18,Bam,6,10,2.08,1,13,Kentucky/USA,Adebayo,2017,1628389,C-F,1610612748,"Adebayo, Bam",115.7,255,2
University of Louisville,South Sudan,1997-02-01,Deng,6,7,2.01,1,, South Sudan/South Sudan,Adel,2018,1629061,F,1610612751,"Adel, Deng",90.7,200,1
Texas,USA,1985-07-19,LaMarcus,6,11,2.11,1,12,Texas/USA,Aldridge,2006,200746,C-F,1610612759,"Aldridge, LaMarcus",117.9,260,13
Tennessee,Canada,1996-10-21,Kyle,6,11,2.11,1,,Tennessee/Canada,Alexander,,1629734,F,1610612748,"Alexander, Kyle",99.8,220,0
Virginia Tech,Canada,1998-09-02,Nickeil,6,5,1.96,1,0, Canada/Canada,Alexander-Walker,,1629638,G,1610612740,"Alexander-Walker, Nickeil",92.5,204,0
Duke University,USA,1995-10-08,Grayson,6,5,1.96,1,,Duke University/USA,Allen,2018,1628960,G,1610612763,"Allen, Grayson",89.8,198,1
Texas,USA,1998-04-21,Jarrett,6,11,2.11,1,31,Texas/USA,Allen,2017,1628386,C,1610612751,"Allen, Jarrett",107.5,237,2
Arizona,USA,1993-01-15,Kadeem,6,3,1.9,1,0,ArizonaUSA/USA,Allen,2017,1628443,G,1610612752,"Allen, Kadeem",90.7,200,2
Wake Forest,USA,1990-09-21,Al-Farouq,6,9,2.06,1,2,Wake Forest/USA,Aminu,2010,202329,F,1610612753,"Aminu, Al-Farouq",99.8,220,9
UCLA,USA,1993-09-20,Kyle,6,9,2.06,1,1,UCLA/USA,Anderson,2014,203937,F,1610612763,"Anderson, Kyle",104.3,230,5
 ,Greece,1994-12-06,Giannis,6,11,2.11,1,34,Greece/Greece,Antetokounmpo,2013,203507,F,1610612749,"Antetokounmpo, Giannis",109.8,242,6
University of Dayton,Greece,1997-11-20,Kostas,6,10,2.08,1,37,University of Dayton/Greece,Antetokounmpo,2018,1628961,F,1610612747,"Antetokounmpo, Kostas",90.7,200,1
 ,Greece,1992-07-18,Thanasis,6,7,2.01,1,, Greece/Greece,Antetokounmpo,2015,203648,F,1610612749,"Antetokounmpo, Thanasis",93.0,205,1
Indiana,United Kingdom,1997-07-17,OG,6,8,2.03,1,3,Indiana/United Kingdom,Anunoby,2017,1628384,F,1610612761,"Anunoby, OG",105.2,232,2
Villanova,USA,1994-03-26,Ryan,6,3,1.9,1,51,Villanova/USA,Arcidiacono,2017,1627853,G,1610612741,"Arcidiacono, Ryan",90.7,200,2
UCLA,USA,1985-06-30,Trevor,6,8,2.03,1,0,UCLA/USA,Ariza,2004,2772,F,1610612758,"Ariza, Trevor",97.5,215,15
Texas,USA,1987-11-10,D.J.,6,0,1.83,1,14,Texas/USA,Augustin,2008,201571,G,1610612753,"Augustin, D.J.",83.0,183,11
University of Arizona,Bahamas,1998-07-23,Deandre,7,1,2.16,1,22,University of Arizona/Bahamas,Ayton,2018,1629028,C,1610612756,"Ayton, Deandre",113.4,250,1
Florida State,USA,1995-08-30,Dwayne,6,7,2.01,1,7,Florida State/USA,Bacon,2017,1628407,G-F,1610612766,"Bacon, Dwayne",100.2,221,2
Duke University,USA,1999-03-14,Marvin,6,11,2.11,1,35,Duke University/USA,Bagley III,2018,1628963,F,1610612758,"Bagley III, Marvin",106.1,234,1
UCLA,USA,1997-10-27,Lonzo,6,6,1.98,1,2,UCLA/USA,Ball,2017,1628366,G,1610612740,"Ball, Lonzo",86.2,190,2
University of Texas at Austin,USA,1998-05-12,Mo,7,1,2.16,1,5,University of Texas at Austin/USA,Bamba,2018,1628964,C,1610612753,"Bamba, Mo",109.3,241,1
North Carolina,USA,1992-05-30,Harrison,6,8,2.03,1,40,North Carolina/USA,Barnes,2012,203084,F,1610612758,"Barnes, Harrison",102.1,225,7
Duke University,Canada,2000-07-14,RJ,6,7,2.01,1,9, Canada/Canada,Barrett,,1629628,F-G,1610612752,"Barrett, RJ",91.6,202,0
Memphis,USA,1991-01-06,Will,6,6,1.98,1,5,Memphis/USA,Barton,2012,203115,G,1610612743,"Barton, Will",86.2,190,7
Ohio State University,USA,1996-01-23,Keita,6,9,2.06,1,31,Ohio State University/USA,Bates-Diop,2018,1628966,F,1610612750,"Bates-Diop, Keita",103.9,229,1
 ,France,1988-12-14,Nicolas,6,8,2.03,1,5,Le Mans/France,Batum,2008,201587,F-G,1610612766,"Batum, Nicolas",90.7,200,11
Washington State,Australia,1986-12-09,Aron,6,10,2.08,1,46,Washington State/Australia,Baynes,2012,203382,C-F,1610612756,"Baynes, Aron",117.9,260,7
Old Dominion,USA,1989-07-01,Kent,6,5,1.96,1,24,Old Dominion/USA,Bazemore,2012,203145,G,1610612757,"Bazemore, Kent",91.2,201,7
 ,USA,2000-06-12,Darius,6,9,2.06,1,7, USA/USA,Bazley,,1629647,F,1610612760,"Bazley, Darius",94.3,208,0
Florida,USA,1993-06-28,Bradley,6,5,1.96,1,3,Florida/USA,Beal,2012,203078,G,1610612764,"Beal, Bradley",93.9,207,7
Florida State,USA,1996-11-26,Malik,6,5,1.96,1,25,Florida State/USA,Beasley,2016,1627736,G,1610612743,"Beasley, Malik",88.5,195,3
 ,Italy,1986-03-25,Marco,6,5,1.96,1,18,Fortitudo Bologna/Italy,Belinelli,2007,201158,G-F,1610612759,"Belinelli, Marco",95.3,210,12
Oregon,USA,1995-01-07,Jordan,6,9,2.06,1,,Oregon/USA,Bell,2017,1628395,F,1610612750,"Bell, Jordan",101.6,224,2
"St. Joseph's, PA",USA,1994-07-04,DeAndre',6,6,1.98,1,95,St. Joseph's (PA)/USA,Bembry,2016,1627761,G-F,1610612737,"Bembry, DeAndre'",95.3,210,3
 ,Croatia,1997-11-17,Dragan,7,1,2.16,1,,Croatia/Croatia,Bender,2016,1627733,F,1610612749,"Bender, Dragan",102.1,225,3
UNLV,Canada,1993-03-14,Anthony,6,8,2.03,1,30,Nevada-Las Vegas/Canada,Bennett,2013,203461,F,1610612745,"Bennett, Anthony",111.1,245,4
 ,Latvia,1992-11-12,Davis,6,10,2.08,1,, Latvia/Latvia,Bertans,2016,202722,F,1610612764,"Bertans, Davis",102.1,225,3
Arkansas,USA,1988-07-12,Patrick,6,1,1.85,1,21,Arkansas/USA,Beverley,2012,201976,G,1610612746,"Beverley, Patrick",83.9,185,7
UNLV,Canada,1992-09-28,Khem,6,9,2.06,1,24,Nevada-Las Vegas/Canada,Birch,2017,203920,C,1610612753,"Birch, Khem",105.7,233,2
 ,Georgia,1999-07-20,Goga,6,11,2.11,1,88, Georgia/Georgia,Bitadze,,1629048,C,1610612754,"Bitadze, Goga",111.1,245,0
 ,Democratic Republic of the Congo,1992-08-28,Bismack,6,9,2.06,1,8,Baloncesto Fuenlabrada/Democratic Republic of Cong,Biyombo,2011,202687,C,1610612766,"Biyombo, Bismack",115.7,255,8
 ,Serbia,1988-05-09,Nemanja,6,10,2.08,1,88,Fenerbahce Ulker/Serbia,Bjelica,2015,202357,F,1610612758,"Bjelica, Nemanja",106.1,234,4
Louisiana State,USA,1996-10-04,Antonio,6,4,1.93,1,9,Louisiana State/USA,Blakeney,2017,1628469,G,1610612741,"Blakeney, Antonio",87.1,192,2
Kentucky,USA,1989-12-09,Eric,6,1,1.85,1,6,Kentucky/USA,Bledsoe,2010,202339,G,1610612749,"Bledsoe, Eric",93.0,205,9
 ,Serbia,1992-08-18,Bogdan,6,6,1.98,1,8, Serbia/Serbia,Bogdanovic,2017,203992,G,1610612758,"Bogdanovic, Bogdan",93.0,205,2
 ,Croatia,1989-04-18,Bojan,6,8,2.03,1,,Croatia/Croatia,Bogdanovic,2014,202711,F,1610612762,"Bogdanovic, Bojan",98.0,216,5
University of Oregon,Sudan,1999-11-16,Bol,7,2,2.18,1,, Sudan/Sudan,Bol,,1629626,C,1610612743,"Bol, Bol",94.3,208,0
 ,Australia,1996-01-02,Jonah,6,10,2.08,1,43,Australia/Australia,Bolden,2018,1628413,F,1610612755,"Bolden, Jonah",99.8,220,1
University of Tennessee,USA,1997-11-05,Jordan,6,2,1.88,1,18,University of Tennessee/USA,Bone,,1629648,G,1610612765,"Bone, Jordan",81.2,179,0
 ,Germany,1999-11-08,Isaac,6,8,2.03,1,,Germany/Germany,Bonga,2018,1629067,G,1610612764,"Bonga, Isaac",81.6,180,1
Kentucky,USA,1996-10-30,Devin,6,6,1.98,1,1,Kentucky/USA,Booker,2015,1626164,F,1610612756,"Booker, Devin",95.3,210,4
Oregon,Canada,1993-01-11,Chris,6,10,2.08,1,25,Oregon/Canada,Boucher,2017,1628449,F,1610612761,"Boucher, Chris",90.7,200,2
 ,USA,1998-10-02,Brian,6,7,2.01,1,10, USA/USA,Bowen II,,1628968,F,1610612754,"Bowen II, Brian",86.2,190,0
Boston College,USA,1997-06-16,Ky,6,2,1.88,1,,Boston College/USA,Bowman,,1629065,G,1610612744,"Bowman, Ky",82.1,181,0
Texas,USA,1990-11-26,Avery,6,2,1.88,1,11,Texas/USA,Bradley,2010,202340,G,1610612747,"Bradley, Avery",81.6,180,9
North Carolina,USA,1998-01-08,Tony,6,10,2.08,1,13,North Carolina/USA,Bradley,2017,1628396,C,1610612762,"Bradley, Tony",112.5,248,2
College of Charleston,USA,1996-06-07,Jarrell,6,7,2.01,1,5,College of Charleston/USA,Brantley,,1629714,F,1610612762,"Brantley, Jarrell",113.4,250,0
University of Michigan,Lithuania,1999-01-08,Ignas,6,7,2.01,1,17, Lithuania/Lithuania,Brazdeikis,,1629649,F,1610612752,"Brazdeikis, Ignas",100.2,221,0
Villanova University,USA,1996-08-30,Mikal,6,7,2.01,1,25,Villanova University/USA,Bridges,2018,1628969,F,1610612756,"Bridges, Mikal",95.3,210,1
Michigan State University,USA,1998-03-21,Miles,6,7,2.01,1,0,Michigan State University/USA,Bridges,2018,1628970,F,1610612766,"Bridges, Miles",102.1,225,1
Syracuse University,Canada,1998-06-20,Oshae,6,8,2.03,1,,Syracuse University/Canada,Brissett,,1629052,F,1610612761,"Brissett, Oshae",95.3,210,0
,Australia,1990-08-23,Ryan,6,7,2.01,1,45,Australia/Australia,Broekhoff,2018,1629151,G-F,1610612742,"Broekhoff, Ryan",97.5,215,1
Virginia,USA,1992-12-11,Malcolm,6,5,1.96,1,7,Virginia/USA,Brogdon,2016,1627763,G,1610612754,"Brogdon, Malcolm",103.9,229,3
Oregon,Canada,1996-01-22,Dillon,6,6,1.98,1,24,Oregon/Canada,Brooks,2017,1628415,G-F,1610612763,"Brooks, Dillon",99.8,220,2
University of Miami,USA,1996-08-15,Bruce,6,5,1.96,1,6,University of Miami/USA,Brown,2018,1628971,G,1610612765,"Brown, Bruce",91.6,202,1
,USA,1997-02-02,Charles,6,7,2.01,1,, USA/USA,Brown,,1629718,G,1610612737,"Brown, Charles",90.3,199,0
California,USA,1996-10-24,Jaylen,6,7,2.01,1,7,California/USA,Brown,2016,1627759,G,1610612738,"Brown, Jaylen",99.8,220,3
Southern Methodist,USA,1995-02-10,Sterling,6,6,1.98,1,23,Southern Methodist/USA,Brown,2017,1628425,G,1610612749,"Brown, Sterling",105.2,232,2
University of Oregon,USA,1999-07-28,Troy,6,7,2.01,1,6,University of Oregon/USA,Brown Jr.,2018,1628972,F,1610612764,"Brown Jr., Troy",97.5,215,1
Villanova University,USA,1996-08-31,Jalen,6,3,1.9,1,13,Villanova University/USA,Brunson,2018,1628973,G,1610612742,"Brunson, Jalen",86.2,190,1
Indiana,USA,1997-07-31,Thomas,6,11,2.11,1,13,Indiana/USA,Bryant,2017,1628418,C,1610612764,"Bryant, Thomas",112.5,248,2
North Carolina,USA,1991-03-16,Reggie,6,7,2.01,1,,North Carolina/USA,Bullock,2013,203493,G-F,1610612752,"Bullock, Reggie",93.0,205,6
Michigan,USA,1992-11-12,Trey,6,1,1.85,1,,Michigan/USA,Burke,2013,203504,G,1610612755,"Burke, Trey",79.4,175,6
Colorado,USA,1991-07-20,Alec,6,6,1.98,1,,Colorado/USA,Burks,2011,202692,G,1610612744,"Burks, Alec",97.1,214,8
Iowa State,USA,1994-01-31,Deonte,6,5,1.96,1,30,Iowa State/USA,Burton,2018,1629126,G-F,1610612760,"Burton, Deonte",111.1,245,1
Marquette,USA,1989-09-14,Jimmy,6,8,2.03,1,22,Marquette/USA,Butler,2011,202710,G-F,1610612748,"Butler, Jimmy",105.2,232,8
Brazil,Brazil,1995-09-21,Bruno,6,9,2.06,1,5,Brazil/Brazil,Caboclo,2014,203998,F,1610612763,"Caboclo, Bruno",98.9,218,5
UNC-Wilmington,USA,1996-10-08,Devontae,6,7,2.01,1,12,North Carolina-Wilmington/USA,Cacok,,1629719,F-C,1610612747,"Cacok, Devontae",108.9,240,0
Georgia,USA,1993-02-18,Kentavious,6,5,1.96,1,1,Georgia/USA,Caldwell-Pope,2013,203484,G,1610612747,"Caldwell-Pope, Kentavious",93.0,205,6
 ,Slovenia,1997-04-10,Vlatko,6,9,2.06,1,31,Slovenia/Slovenia,Cancar,,1628427,F,1610612743,"Cancar, Vlatko",97.5,215,0
Switzerland,Switzerland,1994-05-18,Clint,6,10,2.08,1,15,Switzerland/Switzerland,Capela,2014,203991,C,1610612745,"Capela, Clint",108.9,240,5
"University of Nevada, Reno",USA,1996-01-15,Jordan,6,7,2.01,1,17,"University of Nevada, Reno/USA",Caroline,,1629696,F-G,1610612747,"Caroline, Jordan",104.3,230,0
Missouri,USA,1986-07-27,DeMarre,6,8,2.03,1,77,Missouri/USA,Carroll,2009,201960,F,1610612759,"Carroll, DeMarre",97.5,215,10
West Virginia University,USA,1995-09-14,Jevon,6,2,1.88,1,4,West Virginia University/USA,Carter,2018,1628975,G,1610612756,"Carter, Jevon",88.5,195,1
Duke University,USA,1999-04-16,Wendell,6,10,2.08,1,34,Duke University/USA,Carter Jr.,2018,1628976,C,1610612741,"Carter Jr., Wendell",115.7,255,1
Syracuse,USA,1991-10-10,Michael,6,6,1.98,1,7,Syracuse/USA,Carter-Williams,2013,203487,G,1610612753,"Carter-Williams, Michael",86.2,190,6
Texas A&M,USA,1994-02-28,Alex,6,5,1.96,1,4,Texas A&M/USA,Caruso,2017,1627936,G,1610612747,"Caruso, Alex",84.4,186,2
Kentucky,USA,1993-08-18,Willie,7,0,2.13,1,,Kentucky/USA,Cauley-Stein,2015,1626161,C,1610612744,"Cauley-Stein, Willie",108.9,240,4
No College,USA,1982-10-02,Tyson,7,1,2.16,1,19,Dominguez HS (CA)/USA,Chandler,2001,2199,C,1610612745,"Chandler, Tyson",108.9,240,18
DePaul,USA,1987-05-10,Wilson,6,9,2.06,1,,DePaul/USA,Chandler,2007,201163,F,1610612751,"Chandler, Wilson",102.1,225,12
College of Charleston,USA,1995-11-01,Joe,6,3,1.9,1,,Charleston (SC)/USA,Chealey,2018,1629147,G,1610612766,"Chealey, Joe",86.2,190,1
Arizona State,USA,1995-11-17,Zylan,6,8,2.03,1,45,Arizona State/USA,Cheatham,,1629597,F,1610612740,"Cheatham, Zylan",99.8,220,0
University of Florida,USA,1995-11-21,Chris,6,0,1.83,1,2,University of Florida/USA,Chiozza,2018,1629185,G,1610612745,"Chiozza, Chris",79.4,175,1
University of Cincinnati,USA,1994-11-16,Gary,6,8,2.03,1,6,University of Cincinnati/USA,Clark,2018,1629109,F,1610612745,"Clark, Gary",102.1,225,1
Gonzaga University,Canada,1996-09-19,Brandon,6,8,2.03,1,, Canada/Canada,Clarke,,1629634,F,1610612763,"Clarke, Brandon",93.9,207,0
Missouri,USA,1992-06-07,Jordan,6,5,1.96,1,8,Missouri/USA,Clarkson,2014,203903,G,1610612739,"Clarkson, Jordan",88.0,194,5
University of Georgia,,1999-04-17,Nicolas,6,11,2.11,1,,,Claxton,,1629651,F,1610612751,"Claxton, Nicolas",99.8,220,0
Campbell University,USA,1997-07-23,Chris,5,9,1.75,1,,Campbell University/USA,Clemons,,1629598,G,1610612745,"Clemons, Chris",81.6,180,0
Southeast Missouri State,USA,1994-02-02,Antonius,6,6,1.98,1,,Southeast Missouri State/USA,Cleveland,2017,1628499,G,1610612742,"Cleveland, Antonius",88.5,195,1
University of Minnesota,USA,1997-06-17,Amir,6,8,2.03,1,,University of Minnesota/USA,Coffey,,1629599,G-F,1610612746,"Coffey, Amir",95.3,210,0
Wake Forest,USA,1997-09-23,John,6,10,2.08,1,20,Wake Forest/USA,Collins,2017,1628381,F,1610612737,"Collins, John",106.6,235,2
Gonzaga,USA,1997-11-19,Zach,7,0,2.13,1,33,Gonzaga/USA,Collins,2017,1628380,F-C,1610612757,"Collins, Zach",106.6,235,2
Ohio State,USA,1987-10-11,Mike,6,1,1.85,1,,Ohio State/USA,Conley,2007,201144,G,1610612762,"Conley, Mike",79.4,175,12
Notre Dame,USA,1993-01-06,Pat,6,4,1.93,1,24,Notre Dame/USA,Connaughton,2015,1626192,G,1610612749,"Connaughton, Pat",94.8,209,4
Duke,USA,1993-03-23,Quinn,6,2,1.88,1,2,Duke/USA,Cook,2016,1626188,G,1610612747,"Cook, Quinn",81.2,179,3
University of Iowa,USA,1997-09-23,Tyler,6,9,2.06,1,34,University of Iowa/USA,Cook,,1629076,F,1610612743,"Cook, Tyler",111.1,245,0
Kentucky,USA,1990-08-13,DeMarcus,6,11,2.11,1,15,Kentucky/USA,Cousins,2010,202326,C,1610612747,"Cousins, DeMarcus",122.5,270,9
Tennessee State,USA,1990-12-14,Robert,6,9,2.06,1,33,Tennessee State/USA,Covington,2013,203496,F,1610612750,"Covington, Robert",102.1,225,6
California,USA,1992-04-09,Allen,6,6,1.98,1,,California/USA,Crabbe,2013,203459,G-F,1610612737,"Crabbe, Allen",96.2,212,6
South Carolina Upstate,USA,1990-12-19,Torrey,6,7,2.01,1,3,South Carolina Upstate/USA,Craig,2017,1628470,F,1610612743,"Craig, Torrey",97.5,215,2
Marquette,USA,1990-07-06,Jae,6,6,1.98,1,,Marquette/USA,Crowder,2012,203109,F,1610612763,"Crowder, Jae",106.6,235,7
Texas Tech University,USA,1999-02-20,Jarrett,6,7,2.01,1,,Texas Tech University/USA,Culver,,1629633,G,1610612750,"Culver, Jarrett",88.5,195,0
Duke,USA,1990-08-23,Seth,6,2,1.88,1,30,DukeUSA/USA,Curry,2013,203552,G,1610612742,"Curry, Seth",83.9,185,6
Davidson,USA,1988-03-14,Stephen,6,3,1.9,1,30,Davidson/USA,Curry,2009,201939,G,1610612744,"Curry, Stephen",86.2,190,10
Va Commonwealth,USA,1991-07-15,Troy,6,4,1.93,1,30,Virginia Commonwealth/USA,Daniels,2013,203584,F,1610612747,"Daniels, Troy",93.0,205,6
Kentucky,USA,1993-03-11,Anthony,6,10,2.08,1,3,Kentucky/USA,Davis,2012,203076,F-C,1610612747,"Davis, Anthony",114.8,253,7
Michigan State,USA,1996-12-02,Deyonta,6,11,2.11,1,,Michigan State/USA,Davis,2016,1627738,G,1610612745,"Davis, Deyonta",107.5,237,3
North Carolina,USA,1989-06-05,Ed,6,10,2.08,1,17,North Carolina/USA,Davis,2010,202334,C,1610612762,"Davis, Ed",102.1,225,9
University of Mississippi,USA,1997-05-16,Terence,6,4,1.93,1,,University of Mississippi/USA,Davis,,1629056,G,1610612761,"Davis, Terence",93.0,205,0
USC,USA,1989-08-12,Dewayne,7,0,2.13,1,,USC/USA,Dedmon,2013,203473,C,1610612758,"Dedmon, Dewayne",111.1,245,6
St. Mary's (CA),Australia,1990-09-08,Matthew,6,4,1.93,1,18,St. Mary's (CA)/Australia,Dellavedova,2013,203521,G,1610612739,"Dellavedova, Matthew",90.7,200,6
USC,USA,1989-08-07,DeMar,6,7,2.01,1,10,USC/USA,DeRozan,2009,201942,G,1610612759,"DeRozan, DeMar",99.8,220,10
Kansas,Mali,1996-09-13,Cheick,6,9,2.06,1,14,Kansas/Mali,Diallo,2016,1627767,F,1610612756,"Diallo, Cheick",99.8,220,3
University of Kentucky,USA,1998-07-31,Hamidou,6,5,1.96,1,6,University of Kentucky/USA,Diallo,2018,1628977,G,1610612760,"Diallo, Hamidou",89.8,198,1
Louisville,Senegal,1990-01-18,Gorgui,6,11,2.11,1,5,Louisville/Senegal,Dieng,2013,203476,C,1610612750,"Dieng, Gorgui",114.3,252,6
Colorado,USA,1993-04-06,Spencer,6,6,1.98,1,8,Colorado/USA,Dinwiddie,2014,203915,G,1610612751,"Dinwiddie, Spencer",95.3,210,5
Villanova University,USA,1997-01-31,Donte,6,4,1.93,1,9,Villanova University/USA,DiVincenzo,2018,1628978,G,1610612749,"DiVincenzo, Donte",92.1,203,1
 ,Slovenia,1999-02-28,Luka,6,7,2.01,1,77,Slovenia/Slovenia,Doncic,2018,1629029,F-G,1610612742,"Doncic, Luka",98.9,218,1
Arizona State University,Canada,1999-04-19,Luguentz,6,4,1.93,1,5,Arizona State University/Canada,Dort,,1629652,G,1610612760,"Dort, Luguentz",100.7,222,0
Houston,USA,1994-05-06,Damyean,6,6,1.98,1,21,Houston/USA,Dotson,2017,1628422,G,1610612752,"Dotson, Damyean",95.3,210,2
 ,Guinea,2000-12-23,Sekou,6,9,2.06,1,45, Guinea/Guinea,Doumbouya,,1629635,F,1610612765,"Doumbouya, Sekou",94.8,209,0
South Carolina,USA,1996-10-25,PJ,6,6,1.98,1,35,South Carolina/USA,Dozier,2017,1628408,G-F,1610612743,"Dozier, PJ",93.0,205,2
 ,Slovenia,1986-05-06,Goran,6,3,1.9,1,7,Union Olimpija/Slovenia/Slovenia,Dragic,2008,201609,G,1610612748,"Dragic, Goran",86.2,190,11
Connecticut,USA,1993-08-10,Andre,6,11,2.11,1,0,Connecticut/USA,Drummond,2012,203083,C,1610612765,"Drummond, Andre",126.6,279,7
Boston College,USA,1985-07-10,Jared,6,7,2.01,1,10,Boston College/USA,Dudley,2007,201162,F,1610612747,"Dudley, Jared",107.5,237,12
Providence,USA,1994-03-18,Kris,6,4,1.93,1,32,Providence/USA,Dunn,2016,1627739,G,1610612741,"Dunn, Kris",93.0,205,3
Texas,USA,1988-09-29,Kevin,6,9,2.06,1,,Texas/USA,Durant,2007,201142,F,1610612751,"Durant, Kevin",108.9,240,12
Purdue University,USA,1998-03-12,Carsen,6,0,1.83,1,29,Purdue University/USA,Edwards,,1629035,G,1610612738,"Edwards, Carsen",90.3,199,0
Marquette,USA,1997-01-13,Henry,6,11,2.11,1,,Marquette/USA,Ellenson,2016,1627740,F,1610612751,"Ellenson, Henry",111.1,245,3
North Carolina,USA,1987-11-29,Wayne,6,5,1.96,1,,North Carolina/USA,Ellington,2009,201961,G,1610612752,"Ellington, Wayne",90.7,200,10
Kansas,Cameroon,1994-03-16,Joel,7,0,2.13,1,21,Kansas/Cameroon,Embiid,2016,203954,F-C,1610612755,"Embiid, Joel",113.4,250,5
Cal State-Long Beach,USA,1990-07-01,James,6,7,2.01,1,11,Long Beach State/USA,Ennis III,2014,203516,F,1610612755,"Ennis III, James",95.3,210,5
,USA,1997-02-01,Drew,6,10,2.08,1,14, USA/USA,Eubanks,2018,1629234,F,1610612759,"Eubanks, Drew",111.1,245,1
University of Cincinnati,USA,1997-06-18,Jacob,6,6,1.98,1,10,University of Cincinnati/USA,Evans,2018,1628980,G,1610612744,"Evans, Jacob",95.3,210,1
 ,Australia,1995-07-13,Dante,6,6,1.98,1,11,Australia/Australia,Exum,2014,203957,G,1610612762,"Exum, Dante",86.2,190,5
Central Florida,Senegal,1995-10-10,Tacko,7,6,2.29,1,,Central Florida/Senegal,Fall,,1629605,C,1610612738,"Fall, Tacko",131.1,289,0
Georgia Tech,USA,1991-07-15,Derrick,6,10,2.08,1,22,Georgia Tech/USA,Favors,2010,202324,F-C,1610612740,"Favors, Derrick",120.2,265,9
 ,Brazil,1992-07-07,Cristiano,6,10,2.08,1,6,Brazil/Brazil,Felicio,2015,1626245,F-C,1610612741,"Felicio, Cristiano",120.2,265,4
 ,USA,1998-05-17,Terrance,6,7,2.01,1,23,USA/USA,Ferguson,2017,1628390,G-F,1610612760,"Ferguson, Terrance",86.2,190,2
University of Maryland,Angola,1998-08-15,Bruno,6,10,2.08,1,, Angola/Angola,Fernando,,1628981,F,1610612737,"Fernando, Bruno",105.7,233,0
Indiana,USA,1993-05-09,Yogi,6,0,1.83,1,3,Indiana/USA,Ferrell,2016,1627812,G,1610612758,"Ferrell, Yogi",81.6,180,3
Florida,USA,1993-05-04,Dorian,6,8,2.03,1,10,Florida/USA,Finney-Smith,2016,1627827,F,1610612742,"Finney-Smith, Dorian",99.8,220,3
Michigan State,USA,1993-07-23,Bryn,6,3,1.9,1,11,Michigan State/USA,Forbes,2016,1627854,G,1610612759,"Forbes, Bryn",86.2,190,3
 ,France,1992-10-29,Evan,6,7,2.01,1,10,Poitiers Basket 86/France,Fournier,2012,203095,G-F,1610612753,"Fournier, Evan",93.0,205,7
Kentucky,USA,1997-12-20,De'Aaron,6,3,1.9,1,5,Kentucky/USA,Fox,2017,1628368,G,1610612758,"Fox, De'Aaron",79.4,175,2
Washington State University, ,1996-12-18,Robert,6,9,2.06,1,,Washington State University,Franks,,1629606,F,1610612766,"Franks, Robert",102.1,225,0
Florida,USA,1994-03-08,Michael,6,4,1.93,1,21,Florida/USA,Frazier,,1626187,G,1610612745,"Frazier, Michael",90.7,200,1
Penn State,USA,1990-11-01,Tim,6,1,1.85,1,12,Penn StateUSA/USA,Frazier,2014,204025,G,1610612765,"Frazier, Tim",77.1,170,5
Tulane University,USA,1996-08-30,Melvin,6,6,1.98,1,35,Tulane University/USA,Frazier Jr.,2018,1628982,G-F,1610612753,"Frazier Jr., Melvin",90.7,200,1
Washington,USA,1998-05-29,Markelle,6,4,1.93,1,20,Washington/USA,Fultz,2017,1628365,G,1610612753,"Fultz, Markelle",90.7,200,2
University of Kentucky,Sudan,1997-03-26,Wenyen,6,9,2.06,1,32, Sudan/Sudan,Gabriel,,1629117,F,1610612758,"Gabriel, Wenyen",93.0,205,1
University of Arkansas,USA,1998-10-01,Daniel,6,11,2.11,1,12,University of Arkansas/USA,Gafford,,1629655,F-C,1610612741,"Gafford, Daniel",108.0,238,0
 ,Italy,1988-08-08,Danilo,6,10,2.08,1,8,Olimpia Milano/Italy,Gallinari,2008,201568,F,1610612760,"Gallinari, Danilo",102.1,225,11
"St. Joseph's, PA",USA,1991-12-09,Langston,6,2,1.88,1,9,St. Joseph's (PA)USA/USA,Galloway,2014,204038,G,1610612765,"Galloway, Langston",90.7,200,5
Louisiana-Lafayette,USA,1996-05-06,JaKeenan,6,8,2.03,1,23,Louisiana-Lafayette/USA,Gant,,1629721,F,1610612754,"Gant, JaKeenan",98.0,216,0
Vanderbilt University,USA,2000-01-26,Darius,6,2,1.88,1,,Vanderbilt University/USA,Garland,,1629636,G,1610612739,"Garland, Darius",79.4,175,0
 ,Spain,1985-01-29,Marc,7,1,2.16,1,33,FC Barcelona/Spain,Gasol,2008,201188,C,1610612761,"Gasol, Marc",115.7,255,11
 ,Spain,1980-07-06,Pau,7,0,2.13,1,16,FC BarcelonaSpain/Spain,Gasol,2001,2200,C-F,1610612757,"Gasol, Pau",113.4,250,18
Connecticut,USA,1986-08-17,Rudy,6,8,2.03,1,22,Connecticut/USA,Gay,2006,200752,F,1610612759,"Gay, Rudy",104.3,230,13
Fresno State,USA,1990-05-02,Paul,6,9,2.06,1,,Fresno State/USA,George,2010,202331,F,1610612746,"George, Paul",99.8,220,9
USC,USA,1985-06-24,Taj,6,9,2.06,1,,USC/USA,Gibson,2009,201959,F,1610612752,"Gibson, Taj",105.2,232,10
Duke,USA,1998-04-22,Harry,6,10,2.08,1,20,Duke/USA,Giles III,2018,1628385,F-C,1610612758,"Giles III, Harry",108.9,240,2
University of Kentucky,Canada,1998-07-12,Shai,6,6,1.98,1,2,University of Kentucky/Canada,Gilgeous-Alexander,2018,1628983,G,1610612760,"Gilgeous-Alexander, Shai",82.1,181,1
France,France,1992-06-26,Rudy,7,1,2.16,1,27,France/France,Gobert,2013,203497,C,1610612762,"Gobert, Rudy",111.1,245,6
,USA,1995-10-02,Brandon,6,2,1.88,1,0, USA/USA,Goodwin,2018,1629164,G,1610612737,"Goodwin, Brandon",81.6,180,1
Arizona,USA,1995-09-16,Aaron,6,9,2.06,1,00,Arizona/USA,Gordon,2014,203932,F,1610612753,"Gordon, Aaron",99.8,220,5
Indiana,USA,1988-12-25,Eric,6,4,1.93,1,10,Indiana/USA,Gordon,2008,201569,G,1610612745,"Gordon, Eric",97.5,215,11
University of Kansas,USA,1995-02-22,Devonte',6,2,1.88,1,4,University of Kansas/USA,Graham,2018,1628984,G,1610612766,"Graham, Devonte'",83.9,185,1
Va Commonwealth,USA,1993-10-28,Treveon,6,5,1.96,1,,Virginia Commonwealth/USA,Graham,2016,1626203,G-F,1610612750,"Graham, Treveon",102.1,225,3
Syracuse,USA,1994-03-12,Jerami,6,9,2.06,1,,Syracuse/USA,Grant,2014,203924,F,1610612743,"Grant, Jerami",99.8,220,5
South Carolina,USA,1996-07-16,Hassani,6,2,1.88,1,,South Carolina/USA,Gravett,,1629755,G,1610612753,"Gravett, Hassani",85.3,188,0
Louisiana State,USA,1993-09-09,Josh,6,1,1.85,1,5,Louisiana State/USA,Gray,2017,1627982,G,1610612740,"Gray, Josh",82.6,182,1
North Carolina,USA,1987-06-22,Danny,6,6,1.98,1,14,North Carolina/USA,Green,2009,201980,G-F,1610612747,"Green, Danny",97.5,215,10
Michigan State,USA,1990-03-04,Draymond,6,7,2.01,1,23,Michigan State/USA,Green,2012,203110,F,1610612744,"Green, Draymond",104.3,230,7
Alabama,USA,1990-06-21,JaMychal,6,9,2.06,1,4,Alabama/USA,Green,2014,203210,F,1610612746,"Green, JaMychal",103.0,227,5
Radford University,USA,1993-07-23,Javonte,6,5,1.96,1,,Radford/USA,Green,,1629750,G-F,1610612738,"Green, Javonte",99.8,220,0
Georgetown,USA,1986-08-28,Jeff,6,9,2.06,1,22,Georgetown/USA,Green,2007,201145,F,1610612762,"Green, Jeff",106.6,235,11
Oklahoma,USA,1989-03-16,Blake,6,10,2.08,1,23,Oklahoma/USA,Griffin,2010,201933,F,1610612765,"Griffin, Blake",113.4,250,10
,Yugoslavia,1995-03-08,Marko,6,6,1.98,1,,Yugoslavia,Guduric,,1629741,G,1610612763,"Guduric, Marko",90.7,200,0
University of Virginia,USA,1997-08-11,Kyle,6,1,1.85,1,,University of Virginia/USA,Guy,,1629657,G,1610612758,"Guy, Kyle",75.8,167,0
Gonzaga University,Japan,1998-02-08,Rui,6,8,2.03,1,, Japan/Japan,Hachimura,,1629060,F,1610612764,"Hachimura, Rui",104.3,230,0
UCLA,USA,1999-02-12,Jaylen,6,3,1.9,1,, USA,Hands,,1628986,G,1610612751,"Hands, Jaylen",79.4,175,0
Michigan,USA,1992-03-16,Tim,6,6,1.98,1,11,Michigan/USA,Hardaway Jr.,2013,203501,G-F,1610612742,"Hardaway Jr., Tim",93.0,205,6
Arizona State,USA,1989-08-26,James,6,5,1.96,1,13,Arizona State/USA,Harden,2009,201935,G,1610612745,"Harden, James",99.8,220,10
"St. John's, N.Y.",USA,1993-05-11,Maurice,6,9,2.06,1,,St. John's (N.Y.)/USA,Harkless,2012,203090,F,1610612746,"Harkless, Maurice",99.8,220,7
Louisville,USA,1994-01-26,Montrezl,6,8,2.03,1,5,Louisville/USA,Harrell,2015,1626149,F-C,1610612746,"Harrell, Montrezl",108.9,240,4
Michigan State,USA,1994-09-14,Gary,6,4,1.93,1,14,Michigan State/USA,Harris,2014,203914,G,1610612743,"Harris, Gary",95.3,210,5
Virginia,USA,1991-09-06,Joe,6,6,1.98,1,12,Virginia/USA,Harris,2014,203925,F-G,1610612751,"Harris, Joe",98.9,218,5
Tennessee,USA,1992-07-15,Tobias,6,9,2.06,1,33,Tennessee/USA,Harris,2011,202699,F,1610612755,"Harris, Tobias",106.6,235,8
Tulsa,USA,1993-10-06,Shaquille,6,4,1.93,1,3,Tulsa/USA,Harrison,2017,1627885,G,1610612741,"Harrison, Shaquille",86.2,190,2
Villanova,USA,1995-03-06,Josh,6,5,1.96,1,3,Villanova/USA,Hart,2017,1628404,G,1610612740,"Hart, Josh",97.5,215,2
 ,Germany,1998-05-05,Isaiah,7,0,2.13,1,55,Germany/Germany,Hartenstein,2018,1628392,F-C,1610612745,"Hartenstein, Isaiah",112.9,249,1
Florida,USA,1980-06-09,Udonis,6,8,2.03,1,40,Florida/USA,Haslem,2003,2617,F,1610612748,"Haslem, Udonis",106.6,235,16
Texas,USA,2000-05-23,Jaxson,6,11,2.11,1,10,Texas/USA,Hayes,,1629637,C,1610612740,"Hayes, Jaxson",99.8,220,0
Butler,USA,1990-03-23,Gordon,6,8,2.03,1,20,Butler/USA,Hayward,2010,202330,F,1610612738,"Hayward, Gordon",102.1,225,9
North Carolina,USA,1990-12-28,John,6,11,2.11,1,31,North Carolina/USA,Henson,2012,203089,F-C,1610612739,"Henson, John",99.3,219,7
University of Miami,USA,1996-12-09,Dewan,6,10,2.08,1,,University of Miami/USA,Hernandez,,1629608,F,1610612761,"Hernandez, Dewan",105.7,233,0
 ,Spain,1995-09-28,Juancho,6,9,2.06,1,41,Spain/Spain,Hernangomez,2016,1627823,F,1610612743,"Hernangomez, Juancho",104.3,230,3
 ,Spain,1994-05-27,Willy,6,11,2.11,1,41,Cajasol Sevilla/Spain,Hernangomez,2016,1626195,C,1610612766,"Hernangomez, Willy",108.9,240,3
University of Kentucky,USA,2000-01-20,Tyler,6,6,1.98,1,14,University of Kentucky/USA,Herro,,1629639,G,1610612748,"Herro, Tyler",88.5,195,0
 ,Croatia,1995-02-25,Mario,6,8,2.03,1,44,FC Barcelona/Croatia,Hezonja,2015,1626209,F,1610612757,"Hezonja, Mario",102.1,225,4
Oklahoma,Bahamas,1992-12-17,Buddy,6,4,1.93,1,24,Oklahoma/Bahamas,Hield,2016,1627741,G,1610612758,"Hield, Buddy",97.1,214,3
IUPUI,USA,1986-05-04,George,6,3,1.9,1,3,IUPUI/USA,Hill,2008,201588,G,1610612749,"Hill, George",85.3,188,11
Arizona,USA,1991-03-18,Solomon,6,7,2.01,1,,Arizona/USA,Hill,2013,203524,F,1610612763,"Hill, Solomon",102.1,225,6
Wake Forest University,France,1999-03-30,Jaylen,6,9,2.06,1,6,Wake Forest University/France,Hoard,,1629658,F,1610612757,"Hoard, Jaylen",96.6,213,0
UCLA,USA,1996-09-30,Aaron,6,1,1.85,1,3,UCLA/USA,Holiday,2018,1628988,G,1610612754,"Holiday, Aaron",83.9,185,1
UCLA,USA,1990-06-12,Jrue,6,4,1.93,1,11,UCLA/USA,Holiday,2009,201950,G,1610612740,"Holiday, Jrue",93.0,205,10
Washington,USA,1989-04-05,Justin,6,6,1.98,1,8,Washington/USA,Holiday,2012,203200,F-G,1610612754,"Holiday, Justin",82.1,181,6
Arizona,USA,1995-01-03,Rondae,6,7,2.01,1,,Arizona/USA,Hollis-Jefferson,2015,1626178,F,1610612761,"Hollis-Jefferson, Rondae",98.4,217,4
Mississippi State University,USA,1997-07-11,Aric,6,10,2.08,1,35,Mississippi State University/USA,Holman,,1629689,F,1610612747,"Holman, Aric",102.1,225,0
Bowling Green,USA,1993-10-15,Richaun,6,10,2.08,1,22,Bowling Green State/USA,Holmes,2015,1626158,F,1610612758,"Holmes, Richaun",106.6,235,4
Duke,USA,1992-10-20,Rodney,6,8,2.03,1,5,Duke/USA,Hood,2014,203918,G,1610612757,"Hood, Rodney",93.4,206,5
Florida,Dominican Republic,1986-06-03,Al,6,10,2.08,1,,Florida/Domincan Republic,Horford,2007,201143,C-F,1610612755,"Horford, Al",111.1,245,12
Iowa State University,USA,2000-11-25,Talen,6,4,1.93,1,5,Iowa State University/USA,Horton-Tucker,,1629659,G,1610612747,"Horton-Tucker, Talen",106.6,235,0
Texas A&M,USA,1993-06-07,Danuel,6,7,2.01,1,4,Texas A&M/USA,House Jr.,2016,1627863,F-G,1610612745,"House Jr., Danuel",99.8,220,3
No College,USA,1985-12-08,Dwight,6,11,2.11,1,,SW Atlanta Christian Academy (GA)/USA,Howard,2004,2730,C,1610612763,"Howard, Dwight",120.2,265,15
 ,France,1993-10-25,William,6,8,2.03,1,,France/France,Howard,,1629739,G-F,1610612762,"Howard, William",93.9,207,0
University of Maryland,USA,1998-08-27,Kevin,6,7,2.01,1,3,"University of Maryland, College Par/USA",Huerter,2018,1628989,G,1610612737,"Huerter, Kevin",86.2,190,1
University of Virginia,USA,1997-12-02,De'Andre,6,7,2.01,1,,University of Virginia/USA,Hunter,,1629631,F,1610612737,"Hunter, De'Andre",102.1,225,0
Boise State University,USA,1996-04-26,Chandler,6,7,2.01,1,15,Boise State University/USA,Hutchison,2018,1628990,F,1610612741,"Hutchison, Chandler",89.4,197,1
 ,Democratic Republic of the Congo,1989-09-18,Serge,6,10,2.08,1,9,Ricoh Manresa/Democratic Republic of the Congo,Ibaka,2009,201586,C-F,1610612761,"Ibaka, Serge",106.6,235,10
Arizona,USA,1984-01-28,Andre,6,6,1.98,1,,Arizona/USA,Iguodala,2004,2738,F-G,1610612763,"Iguodala, Andre",97.5,215,15
 ,Turkey,1987-05-15,Ersan,6,10,2.08,1,77,FC Barcelona/Turkey,Ilyasova,2006,101141,F,1610612749,"Ilyasova, Ersan",106.6,235,12
 ,Australia,1987-10-02,Joe,6,8,2.03,1,2,Australia/Australia,Ingles,2014,204060,F,1610612762,"Ingles, Joe",102.5,226,5
Duke,USA,1997-09-02,Brandon,6,9,2.06,1,14,Duke/USA,Ingram,2016,1627742,F,1610612740,"Ingram, Brandon",86.2,190,3
Duke,Australia,1992-03-23,Kyrie,6,3,1.9,1,,Duke/Australia,Irving,2011,202681,G,1610612751,"Irving, Kyrie",87.5,193,8
Florida State,USA,1997-10-03,Jonathan,6,10,2.08,1,1,Florida State/USA,Isaac,2017,1628371,F,1610612753,"Isaac, Jonathan",95.3,210,2
Kansas State,USA,1994-12-20,Wes,6,7,2.01,1,25,Kansas State/USA,Iwundu,2017,1628411,F,1610612753,"Iwundu, Wes",88.5,195,2
Notre Dame,USA,1994-09-07,Demetrius,6,1,1.85,1,20,Notre Dame/USA,Jackson,2016,1627743,G,1610612747,"Jackson, Demetrius",91.2,201,3
Duke,USA,1998-05-04,Frank,6,3,1.9,1,15,Duke/USA,Jackson,2018,1628402,G,1610612740,"Jackson, Frank",93.0,205,2
Kansas,USA,1997-02-10,Josh,6,8,2.03,1,,Kansas/USA,Jackson,2017,1628367,F,1610612763,"Jackson, Josh",90.7,200,2
North Carolina,USA,1995-03-28,Justin,6,8,2.03,1,44,North Carolina/USA,Jackson,2017,1628382,F,1610612742,"Jackson, Justin",95.3,210,2
Boston College,USA,1990-04-16,Reggie,6,3,1.9,1,1,Boston College/USA,Jackson,2011,202704,G,1610612765,"Jackson, Reggie",94.3,208,8
Michigan State University,USA,1999-09-15,Jaren,6,11,2.11,1,13,Michigan State University/USA,Jackson Jr.,2018,1628991,F-C,1610612763,"Jackson Jr., Jaren",109.8,242,1
,USA,1997-01-24,Justin,6,7,2.01,1,, USA/USA,James,,1629713,G-F,1610612758,"James, Justin",86.2,190,0
No College,USA,1984-12-30,LeBron,6,8,2.03,1,23,St. Vincent-St. Mary HS (OH)/USA,James,2003,2544,F,1610612747,"James, LeBron",113.4,250,16
Duke,USA,1993-05-07,Amile,6,9,2.06,1,,Duke/USA,Jefferson,2018,1628518,F,1610612753,"Jefferson, Amile",100.7,222,2
University of Tulsa,USA,1997-08-30,DaQuan,6,5,1.96,1,19,University of Tulsa/USA,Jeffries,,1629610,F,1610612753,"Jeffries, DaQuan",98.0,216,0
University of Virginia,USA,1997-07-08,Ty,6,5,1.96,1,10,University of Virginia/USA,Jerome,,1629660,G,1610612756,"Jerome, Ty",88.5,195,0
Missouri State University,USA,1996-04-22,Alize,6,9,2.06,1,24,Missouri State University/USA,Johnson,2018,1628993,F,1610612754,"Johnson, Alize",96.2,212,1
University of North Carolina at Cha,USA,1996-03-03,Cameron,6,9,2.06,1,23,University of North Carolina at Cha/USA,Johnson,,1629661,F,1610612756,"Johnson, Cameron",93.0,205,0
Wake Forest,USA,1987-02-20,James,6,8,2.03,1,16,Wake Forest/USA,Johnson,2009,201949,F,1610612748,"Johnson, James",108.9,240,10
University of Kentucky,USA,1999-10-11,Keldon,6,6,1.98,1,3,University of Kentucky/USA,Johnson,,1629640,F,1610612759,"Johnson, Keldon",95.7,211,0
Arizona,USA,1996-05-29,Stanley,6,7,2.01,1,,Arizona/USA,Johnson,2015,1626169,F,1610612761,"Johnson, Stanley",111.1,245,4
Fresno State,USA,1992-05-07,Tyler,6,4,1.93,1,16,Fresno State/USA,Johnson,2014,204020,G,1610612756,"Johnson, Tyler",86.2,190,5
 ,Serbia,1995-02-19,Nikola,7,0,2.13,1,15,Serbia/Serbia,Jokic,2015,203999,C,1610612743,"Jokic, Nikola",113.4,250,4
Vanderbilt,USA,1995-06-30,Damian,7,0,2.13,1,,Vanderbilt/USA,Jones,2016,1627745,C,1610612737,"Jones, Damian",111.1,245,3
New Mexico State,USA,1995-04-09,Jemerrio,6,5,1.96,1,,New Mexico State/USA,Jones,2018,1629203,F,1610612764,"Jones, Jemerrio",78.9,174,1
Duke,USA,1996-05-10,Tyus,6,2,1.88,1,21,Duke/USA,Jones,2015,1626145,G,1610612763,"Jones, Tyus",88.9,196,4
UNLV,USA,1997-02-15,Derrick,6,7,2.01,1,5,Nevada-Las Vegas/USA,Jones Jr.,2016,1627884,F-G,1610612748,"Jones Jr., Derrick",90.7,200,3
Texas A&M,USA,1988-07-21,DeAndre,6,11,2.11,1,,Texas A&M/USA,Jordan,2008,201599,C,1610612751,"Jordan, DeAndre",120.2,265,11
Texas,Canada,1991-08-20,Cory,6,3,1.9,1,9,Texas/Canada,Joseph,2011,202709,G,1610612758,"Joseph, Cory",87.5,193,8
Florida State University,Canada,1997-08-14,Mfiondu,6,10,2.08,1,, Canada/Canada,Kabengele,,1629662,F,1610612746,"Kabengele, Mfiondu",116.1,256,0
Wisconsin,USA,1993-04-04,Frank,7,0,2.13,1,8,Wisconsin/USA,Kaminsky,2015,1626163,F-C,1610612756,"Kaminsky, Frank",108.9,240,4
Kentucky,Turkey,1992-05-20,Enes,6,11,2.11,1,11,Fenerbahce Ulker/Turkey,Kanter,2011,202683,C,1610612738,"Kanter, Enes",113.4,250,8
Duke,USA,1996-06-24,Luke,6,5,1.96,1,5,Duke/USA,Kennard,2017,1628379,G,1610612765,"Kennard, Luke",93.4,206,2
,USA,1992-03-18,Stanton,6,7,2.01,1,,Colorado State/USA,Kidd,,1629742,F,1610612762,"Kidd, Stanton",97.5,215,0
Kentucky,USA,1993-09-26,Michael,6,7,2.01,1,14,Kentucky/USA,Kidd-Gilchrist,2012,203077,F,1610612766,"Kidd-Gilchrist, Michael",105.2,232,7
 ,Germany,1992-01-29,Maxi,6,11,2.11,1,42,Germany/Germany,Kleber,2017,1628467,F,1610612742,"Kleber, Maxi",108.9,240,2
Kentucky,USA,1991-12-02,Brandon,6,3,1.9,1,20,Kentucky/USA,Knight,2011,202688,G,1610612739,"Knight, Brandon",88.5,195,8
University of Kentucky,USA,1999-08-11,Kevin,6,9,2.06,1,20,University of Kentucky/USA,Knox,2018,1628995,F,1610612752,"Knox, Kevin",97.5,215,1
West Virginia University,Mali,1997-03-19,Sagaba,6,8,2.03,1,,West Virginia University/Mali,Konate,,1628996,F,1610612761,"Konate, Sagaba",113.4,250,0
,USA,1996-03-22,John,6,5,1.96,1,, USA,Konchar,,1629723,G,1610612763,"Konchar, John",95.3,210,0
 ,Turkey,1997-07-24,Furkan,6,7,2.01,1,30,Turkey/Turkey,Korkmaz,2017,1627788,G-F,1610612755,"Korkmaz, Furkan",86.2,190,2
Vanderbilt,USA,1995-07-15,Luke,7,1,2.16,1,2,Vanderbilt/USA,Kornet,2017,1628436,F-C,1610612741,"Kornet, Luke",113.4,250,2
Creighton,USA,1981-03-17,Kyle,6,7,2.01,1,,Creighton/USA,Korver,2003,2594,G-F,1610612749,"Korver, Kyle",96.2,212,16
 ,Latvia,1998-02-05,Rodions,6,9,2.06,1,00,Latvia/Latvia,Kurucs,2018,1629066,F,1610612751,"Kurucs, Rodions",95.3,210,1
Utah,USA,1995-07-24,Kyle,6,9,2.06,1,0,Utah/USA,Kuzma,2017,1628398,F,1610612747,"Kuzma, Kyle",99.8,220,2
Kentucky,Haiti,1996-03-18,Skal,6,11,2.11,1,17,Kentucky/Haiti,Labissiere,2016,1627746,F,1610612757,"Labissiere, Skal",106.6,235,3
Connecticut,USA,1992-05-30,Jeremy,6,5,1.96,1,26,Connecticut/USA,Lamb,2012,203087,G,1610612754,"Lamb, Jeremy",83.9,185,7
Indiana University,USA,1999-10-25,Romeo,6,6,1.98,1,45,Indiana University/USA,Langford,,1629641,G,1610612738,"Langford, Romeo",97.5,215,0
UCLA,USA,1995-03-10,Zach,6,5,1.96,1,8,UCLA/USA,LaVine,2014,203897,G,1610612741,"LaVine, Zach",90.7,200,5
Northwestern,,1995-12-19,Vic,6,7,2.01,1,23,Northwestern,Law,,1629724,F,1610612753,"Law, Vic",90.7,200,0
UCLA,USA,1997-04-30,TJ,6,10,2.08,1,22,UCLA/USA,Leaf,2017,1628388,F,1610612754,"Leaf, TJ",102.1,225,2
 ,USA,2000-06-13,Jalen,6,4,1.93,1,0, /USA,Lecque,,1629665,G,1610612756,"Lecque, Jalen",83.9,185,0
Western Kentucky,USA,1985-10-03,Courtney,6,5,1.96,1,1,Western Kentucky/USA,Lee,2008,201584,G,1610612742,"Lee, Courtney",97.5,215,11
Louisville,USA,1992-10-21,Damion,6,6,1.98,1,1,Louisville/USA,Lee,2017,1627814,G,1610612744,"Lee, Damion",95.3,210,2
Maryland,Ukraine,1993-06-16,Alex,7,1,2.16,1,25,Maryland/Ukraine,Len,2013,203458,C,1610612737,"Len, Alex",113.4,250,6
San Diego State,USA,1991-06-29,Kawhi,6,7,2.01,1,,San Diego State/USA,Leonard,2011,202695,F,1610612746,"Leonard, Kawhi",104.3,230,8
Illinois,USA,1992-02-27,Meyers,7,1,2.16,1,0,Illinois/USA,Leonard,2012,203086,F-C,1610612748,"Leonard, Meyers",115.7,255,7
 ,France,1995-09-29,Mathias,6,9,2.06,1,,France/France,Lessort,,1628406,F,1610612746,"Lessort, Mathias",106.6,235,0
Michigan,USA,1994-08-25,Caris,6,7,2.01,1,22,Michigan/USA,LeVert,2016,1627747,G,1610612751,"LeVert, Caris",92.5,204,3
Weber State,USA,1990-07-15,Damian,6,3,1.9,1,0,Weber State/USA,Lillard,2012,203081,G,1610612757,"Lillard, Damian",88.5,195,7
University of North Carolina at Cha,USA,2000-02-11,Nassir,6,6,1.98,1,9,University of North Carolina at Cha/USA,Little,,1629642,F,1610612757,"Little, Nassir",99.8,220,0
UCLA,USA,1996-02-06,Kevon,6,9,2.06,1,5,UCLA/USA,Looney,2015,1626172,C-F,1610612744,"Looney, Kevon",99.8,220,4
Stanford,USA,1988-04-01,Brook,7,0,2.13,1,11,Stanford/USA,Lopez,2008,201572,C,1610612749,"Lopez, Brook",122.5,270,11
Stanford,USA,1988-04-01,Robin,7,0,2.13,1,,Stanford/USA,Lopez,2008,201577,C,1610612749,"Lopez, Robin",124.7,275,11
UCLA,USA,1988-09-07,Kevin,6,10,2.08,1,0,UCLA/USA,Love,2008,201567,F-C,1610612739,"Love, Kevin",113.9,251,11
Villanova,USA,1986-03-25,Kyle,6,1,1.85,1,7,Villanova/USA,Lowry,2006,200768,G,1610612761,"Lowry, Kyle",88.9,196,13
Indianapolis,USA,1993-07-27,Jordan,6,4,1.93,1,8,Indianapolis/USA,Loyd,2018,1628070,G,1610612761,"Loyd, Jordan",95.3,210,1
 ,France,1995-05-09,Timothe,6,6,1.98,1,7,France/France,Luwawu-Cabarrot,2016,1627789,G-F,1610612741,"Luwawu-Cabarrot, Timothe",95.3,210,3
Syracuse,USA,1996-04-09,Tyler,6,10,2.08,1,41,Syracuse/USA,Lydon,2017,1628399,F,1610612758,"Lydon, Tyler",102.1,225,2
Kentucky,USA,1995-11-05,Trey,6,10,2.08,1,,Kentucky/USA,Lyles,2015,1626168,F,1610612759,"Lyles, Trey",106.1,234,4
Alabama Huntsville,USA,1989-11-28,Josh,6,1,1.85,1,4,Alabama-Huntsville/USA,Magette,2017,203705,G,1610612753,"Magette, Josh",72.6,160,1
 ,France,1986-11-05,Ian,6,11,2.11,1,28,Pau Orthez/France,Mahinmi,2007,101133,C,1610612764,"Mahinmi, Ian",118.8,262,12
 ,South Sudan,1997-02-25,Thon,7,1,2.16,1,7,South Sudan/South Sudan,Maker,2016,1627748,F,1610612765,"Maker, Thon",100.2,221,3
Florida State University,USA,1996-10-18,Terance,6,7,2.01,1,,Florida State University/USA,Mann,,1629611,F,1610612746,"Mann, Terance",97.5,215,0
 ,Serbia,1997-01-09,Vanja,6,6,1.98,1,, Serbia,Marinkovic,,1629079,G,1610612758,"Marinkovic, Vanja",88.0,194,0
 ,Serbia,1988-08-15,Boban,7,3,2.21,1,51,Serbia/Serbia,Marjanovic,2015,1626246,C,1610612742,"Marjanovic, Boban",131.5,290,4
Arizona,Finland,1997-05-22,Lauri,7,0,2.13,1,24,Arizona/Finland,Markkanen,2017,1628374,F,1610612741,"Markkanen, Lauri",108.9,240,2
"University of Nevada, Reno",USA,1995-09-28,Caleb,6,7,2.01,1,,"University of Nevada, Reno/USA",Martin,,1628997,F,1610612766,"Martin, Caleb",93.0,205,0
"University of Nevada, Reno",USA,1995-09-28,Cody,6,7,2.01,1,, USA,Martin,,1628998,F,1610612766,"Martin, Cody",93.0,205,0
,USA,1996-06-19,Jeremiah,6,3,1.9,1,,Memphis/USA,Martin,,1629725,G,1610612748,"Martin, Jeremiah",83.9,185,0
Butler University,USA,1995-08-03,Kelan,6,7,2.01,1,,Butler University/USA,Martin,,1629103,F,1610612750,"Martin, Kelan",99.8,220,0
Kansas,USA,1994-04-03,Frank,5,11,1.8,1,,Kansas/USA,Mason,2017,1628412,G,1610612749,"Mason, Frank",86.2,190,2
,USA,1996-10-24,Garrison,6,5,1.96,1,, USA/USA,Mathews,,1629726,G,1610612764,"Mathews, Garrison",92.5,204,0
Purdue University,USA,1995-07-11,Dakota,6,4,1.93,1,,Purdue/USA,Mathias,,1629751,G,1610612742,"Mathias, Dakota",90.7,200,0
Marquette,USA,1986-10-14,Wesley,6,5,1.96,1,,Marquette/USA,Matthews,2009,202083,G-F,1610612749,"Matthews, Wesley",99.8,220,10
UNLV,USA,1995-10-25,Patrick,6,7,2.01,1,1,Nevada-Las Vegas/USA,McCaw,2016,1627775,G,1610612761,"McCaw, Patrick",83.9,185,3
Lehigh,USA,1991-09-19,CJ,6,3,1.9,1,3,Lehigh/USA,McCollum,2013,203468,G,1610612757,"McCollum, CJ",86.2,190,6
Arizona,USA,1992-03-25,T.J.,6,2,1.88,1,9,Arizona/USA,McConnell,2015,204456,G,1610612754,"McConnell, T.J.",86.2,190,4
San Diego State,USA,1998-01-31,Jalen,6,10,2.08,1,,San Diego State/USA,McDaniels,,1629667,F,1610612766,"McDaniels, Jalen",87.1,192,0
Creighton,USA,1992-01-03,Doug,6,8,2.03,1,20,Creighton/USA,McDermott,2014,203926,F,1610612754,"McDermott, Doug",102.1,225,5
 ,Australia,1998-04-13,William,6,5,1.96,1,, /Australia,McDowell-White,,1629727,G,1610612745,"McDowell-White, William",83.9,185,0
Nevada-Reno,USA,1988-01-19,JaVale,7,0,2.13,1,7,Nevada-Reno/USA,McGee,2008,201580,C,1610612747,"McGee, JaVale",122.5,270,11
Kansas State,USA,1991-07-29,Rodney,6,4,1.93,1,19,Kansas State/USA,McGruder,2016,203585,F-G,1610612746,"McGruder, Rodney",90.7,200,3
Wisc.-Green Bay,USA,1992-09-17,Alfonzo,6,8,2.03,1,28,Wisc.-Green Bay/USA,McKinnie,2017,1628035,F,1610612744,"McKinnie, Alfonzo",97.5,215,2
University of Southern California,USA,1996-04-09,Jordan,6,1,1.85,1,,USC/USA,McLaughlin,,1629162,G,1610612750,"McLaughlin, Jordan",83.9,185,0
Kansas,USA,1993-02-11,Ben,6,5,1.96,1,16,Kansas/USA,McLemore,2013,203463,G,1610612745,"McLemore, Ben",91.2,201,6
Tennessee,USA,1991-03-28,Jordan,6,5,1.96,1,52,Tennessee/USA,McRae,2015,203895,G,1610612764,"McRae, Jordan",81.2,179,3
,Italy,1991-01-26,Nicolo,6,9,2.06,1,20,Italy,Melli,,6006,F,1610612740,"Melli, Nicolo",106.6,235,0
University of Southern California,USA,1998-05-28,De'Anthony,6,4,1.93,1,,Southern California/USA,Melton,2018,1629001,F,1610612763,"Melton, De'Anthony",90.7,200,1
University of Southern California,USA,1997-03-22,Chimezie,6,10,2.08,1,7,University of Southern California/USA/USA,Metu,2018,1629002,F,1610612759,"Metu, Chimezie",102.1,225,1
Texas A&M,USA,1991-08-12,Khris,6,8,2.03,1,22,Texas A&M/USA,Middleton,2012,203114,F,1610612749,"Middleton, Khris",100.7,222,7
No College,USA,1987-03-18,CJ,6,6,1.98,1,,"Skyline HS (Dallas, TX)USA/USA",Miles,2005,101139,F-G,1610612764,"Miles, CJ",99.8,220,14
,USA,1994-06-09,Isaiah,6,8,2.03,1,,"St. Joseph's, PA/USA",Miles,,1627776,F,1610612755,"Miles, Isaiah",98.9,218,0
Kentucky,USA,1990-03-21,Darius,6,8,2.03,1,21,Kentucky/USA,Miller,2012,203121,F,1610612740,"Miller, Darius",102.1,225,5
Holy Cross,USA,1993-03-06,Malcolm,6,7,2.01,1,13,Holy Cross/USA,Miller,2017,1626259,F,1610612761,"Miller, Malcolm",95.3,210,2
St. Mary's (CA),Australia,1988-08-11,Patty,6,0,1.83,1,8,St. Mary's (CA)/Australia,Mills,2009,201988,G,1610612759,"Mills, Patty",81.6,180,10
Louisiana Tech,USA,1985-02-10,Paul,6,8,2.03,1,4,Louisiana TechUSA/USA,Millsap,2006,200794,F,1610612743,"Millsap, Paul",111.6,246,13
Southern Methodist University,USA,1996-09-26,Shake,6,6,1.98,1,18,Southern Methodist University/USA,Milton,2018,1629003,G,1610612755,"Milton, Shake",93.9,207,1
Louisville,USA,1996-09-07,Donovan,6,3,1.9,1,45,Louisville/USA,Mitchell,2017,1628378,G,1610612762,"Mitchell, Donovan",97.5,215,2
Iowa State,Canada,1993-08-03,Naz,6,4,1.93,1,15,Iowa State/Canada,Mitrou-Long,2017,1628513,G,1610612754,"Mitrou-Long, Naz",98.9,218,2
 ,France,1998-07-18,Adam,6,5,1.96,1,20,France/France,Mokoka,,1629690,G,1610612741,"Mokoka, Adam",95.3,210,0
Kentucky,USA,1998-02-04,Malik,6,3,1.9,1,1,Kentucky/USA,Monk,2017,1628370,G,1610612766,"Monk, Malik",90.7,200,2
Purdue,USA,1989-02-25,E'Twaun,6,4,1.93,1,55,Purdue/USA,Moore,2011,202734,G,1610612740,"Moore, E'Twaun",86.6,191,8
Murray State University,USA,1999-08-10,Ja,6,3,1.9,1,,Murray State University/USA,Morant,,1629630,G,1610612763,"Morant, Ja",79.4,175,0
Kansas,USA,1989-09-02,Marcus,6,9,2.06,1,,Kansas/USA,Morris,2011,202694,F,1610612752,"Morris, Marcus",106.6,235,8
Kansas,USA,1989-09-02,Markieff,6,10,2.08,1,8,Kansas/USA,Morris,2011,202693,F,1610612765,"Morris, Markieff",111.1,245,8
Iowa State,USA,1995-06-27,Monte,6,3,1.9,1,11,Iowa State/USA,Morris,2017,1628420,G,1610612743,"Morris, Monte",79.4,175,2
Baylor,USA,1995-05-04,Johnathan,6,10,2.08,1,15,Baylor/USA,Motley,2017,1628405,F,1610612746,"Motley, Johnathan",104.3,230,2
 ,Democratic Republic of the Congo,1996-03-05,Emmanuel,6,5,1.96,1,8,Guangdong/DRC,Mudiay,2015,1626144,G,1610612762,"Mudiay, Emmanuel",90.7,200,4
Washington,USA,1996-09-19,Dejounte,6,5,1.96,1,5,Washington/USA,Murray,2016,1627749,G,1610612759,"Murray, Dejounte",77.1,170,3
Kentucky,Canada,1997-02-23,Jamal,6,4,1.93,1,27,Kentucky/Canada,Murray,2016,1627750,G,1610612743,"Murray, Jamal",93.9,207,3
 ,Bosnia and Herzegovina,1999-05-08,Dzanan,6,9,2.06,1,30,Bosnia and Herzegovina/Bosnia and Herzegovina,Musa,2018,1629058,G-F,1610612751,"Musa, Dzanan",94.3,208,1
Bucknell,USA,1991-07-01,Mike,6,11,2.11,1,33,Bucknell/USA,Muscala,2013,203488,F-C,1610612760,"Muscala, Mike",108.9,240,6
University of Kansas,Ukraine,1997-06-10,Svi,6,8,2.03,1,19,University of Kansas/Ukraine,Mykhailiuk,2018,1629004,G,1610612765,"Mykhailiuk, Svi",93.0,205,1
Iowa State,Egypt,1993-09-25,Abdel,6,6,1.98,1,11,Egypt/Egypt,Nader,2017,1627846,F,1610612760,"Nader, Abdel",102.1,225,2
Wyoming,USA,1993-01-01,Larry,6,9,2.06,1,22,Wyoming/USA,Nance Jr.,2015,1626204,F,1610612739,"Nance Jr., Larry",104.3,230,4
Connecticut,USA,1991-07-14,Shabazz,6,1,1.85,1,,Connecticut/USA,Napier,2014,203894,G,1610612750,"Napier, Shabazz",81.6,180,5
 ,Brazil,1992-05-19,Raul,6,1,1.85,1,,Brazil/Brazil,Neto,2015,203526,G,1610612755,"Neto, Raul",81.2,179,4
Iowa State,USA,1993-06-17,Georges,6,8,2.03,1,31,Iowa State/USA,Niang,2016,1627777,F,1610612762,"Niang, Georges",104.3,230,3
Kentucky,USA,1994-04-10,Nerlens,6,11,2.11,1,9,Kentucky/USA,Noel,2014,203457,C-F,1610612760,"Noel, Nerlens",99.8,220,6
Gonzaga University,USA,1997-12-09,Zach,6,5,1.96,1,21,Gonzaga University/USA,Norvell Jr.,,1629668,G,1610612747,"Norvell Jr., Zach",93.4,206,0
University of Washington,USA,1999-07-09,Jaylen,6,4,1.93,1,, USA/USA,Nowell,,1629669,G,1610612750,"Nowell, Jaylen",91.6,202,0
 ,France,1998-07-28,Frank,6,6,1.98,1,11,France/France,Ntilikina,2017,1628373,G,1610612752,"Ntilikina, Frank",90.7,200,2
Oakland University,USA,1995-08-03,Kendrick,6,3,1.9,1,25,Oakland University (MI)/USA,Nunn,,1629134,G,1610612748,"Nunn, Kendrick",88.5,195,0
 ,Bosnia and Herzegovina,1994-08-23,Jusuf,7,0,2.13,1,27,Boznia & Herzegovina/Bosnia and Herzegovina,Nurkic,2014,203994,C,1610612757,"Nurkic, Jusuf",124.7,275,5
Cal Poly-Obispo,USA,1993-01-14,David,6,4,1.93,1,,Cal Poly-Obispo/USA,Nwaba,2016,1628021,G,1610612751,"Nwaba, David",99.3,219,3
Baylor,USA,1993-06-05,Royce,6,6,1.98,1,23,Baylor/USA,O'Neale,2017,1626220,F,1610612762,"O'Neale, Royce",102.5,226,2
Norfolk State,USA,1990-03-26,Kyle,6,10,2.08,1,9,Norfolk State/USA,O'Quinn,2012,203124,C,1610612755,"O'Quinn, Kyle",113.4,250,7
Southern Methodist,USA,1994-12-05,Semi,6,7,2.01,1,37,Southern Methodist/USA,Ojeleye,2017,1628400,F,1610612738,"Ojeleye, Semi",109.3,241,2
Duke,USA,1995-12-15,Jahlil,6,11,2.11,1,8,Duke/USA,Okafor,2015,1626143,C,1610612740,"Okafor, Jahlil",124.7,275,4
Auburn University,USA,1998-08-18,Chuma,6,8,2.03,1,3,Auburn University/USA,Okeke,,1629643,F,1610612753,"Okeke, Chuma",104.3,230,0
 ,France,1997-10-23,Elie,6,3,1.9,1,2,France/France,Okobo,2018,1629059,F,1610612756,"Okobo, Elie",86.2,190,1
Georgia Institute of Technology,Nigeria,1998-09-01,Josh,6,4,1.93,1,20,Georgia Institute of Technology/Nigeria,Okogie,2018,1629006,G,1610612750,"Okogie, Josh",96.2,212,1
Stanford University,USA,1999-04-28,KZ,6,9,2.06,1,4,Stanford University/USA,Okpala,,1629644,F,1610612748,"Okpala, KZ",95.3,210,0
Indiana,USA,1992-05-04,Victor,6,4,1.93,1,4,Indiana/USA,Oladipo,2013,203506,G,1610612754,"Oladipo, Victor",95.3,210,6
Gonzaga,Canada,1991-04-19,Kelly,7,0,2.13,1,9,Gonzaga/Canada,Olynyk,2013,203482,F,1610612748,"Olynyk, Kelly",108.9,240,6
Yale University,USA,1997-08-04,Miye,6,6,1.98,1,,Yale University/USA,Oni,,1629671,G,1610612762,"Oni, Miye",93.4,206,0
 ,Turkey,1995-04-08,Cedi,6,8,2.03,1,16,Anadolu Efes/Turkey,Osman,2017,1626224,F,1610612739,"Osman, Cedi",97.5,215,2
Kansas,USA,1995-12-09,Kelly,6,7,2.01,1,3,Kansas/USA,Oubre Jr.,2015,1626162,F,1610612756,"Oubre Jr., Kelly",93.0,205,4
Duke,USA,1995-03-15,Jabari,6,8,2.03,1,5,Duke/USA,Parker,2014,203953,F,1610612737,"Parker, Jabari",111.1,245,5
Florida,USA,1988-10-25,Chandler,6,10,2.08,1,,Florida/USA,Parsons,2011,202718,F,1610612737,"Parsons, Chandler",104.3,230,8
Villanova University,USA,1996-11-04,Eric,6,7,2.01,1,,Villanova University/USA,Paschall,,1629672,F,1610612744,"Paschall, Eric",115.2,254,0
,,,Patrick,-,-,,1,,,Patterson,,202335,F,1610612746,"Patterson, Patrick",,,
Creighton,USA,1997-06-14,Justin,7,0,2.13,1,,Creighton/USA,Patton,2017,1628383,C,1610612760,"Patton, Justin",109.3,241,2
Wake Forest,USA,1985-05-06,Chris,6,0,1.83,1,3,Wake Forest/USA,Paul,2005,101108,G,1610612760,"Paul, Chris",79.4,175,14
Murray State,USA,1994-08-08,Cameron,6,3,1.9,1,,Murray State/USA,Payne,2015,1626166,G,1610612761,"Payne, Cameron",86.2,190,4
Louisana-Lafayette,USA,1994-02-22,Elfrid,6,4,1.93,1,,Louisiana-Lafayette/USA,Payton,2014,203901,G,1610612752,"Payton, Elfrid",83.9,185,5
Iona,USA,1993-02-03,Norvel,6,11,2.11,1,,Iona/USA,Pelle,,203658,F,1610612755,"Pelle, Norvel",98.0,216,0
Gonzaga University,USA,1995-08-25,Josh,6,3,1.9,1,,Gonzaga University/USA,Perkins,,1629616,G,1610612766,"Perkins, Josh",86.2,190,0
West Virginia,USA,1993-08-10,Tarik,6,3,1.9,1,22,West Virginia/USA,Phillip,,1629341,G,1610612764,"Phillip, Tarik",88.5,195,1
University of San Diego,USA,1995-02-02,Isaiah,6,7,2.01,1,,San Diego/USA,Pineiro,,1629753,F,1610612758,"Pineiro, Isaiah",97.5,215,0
University of North Carolina at Cha,USA,1995-11-05,Theo,6,6,1.98,1,10,North Carolina/USA,Pinson,2018,1629033,G-F,1610612751,"Pinson, Theo",98.9,218,1
Duke,USA,1990-03-05,Mason,6,11,2.11,1,24,Duke/USA,Plumlee,2013,203486,F-C,1610612743,"Plumlee, Mason",106.6,235,6
Duke,USA,1988-09-01,Miles,6,11,2.11,1,,Duke/USA,Plumlee,2012,203101,C-F,1610612763,"Plumlee, Miles",112.9,249,7
Utah,Austria,1995-10-15,Jakob,7,0,2.13,1,25,Utah/Austria,Poeltl,2016,1627751,C,1610612759,"Poeltl, Jakob",104.3,230,3
 ,France,1993-10-17,Vincent,7,0,2.13,1,,France/France,Poirier,,1629738,C,1610612738,"Poirier, Vincent",115.7,255,0
Washington,USA,1988-03-10,Quincy,6,7,2.01,1,3,Washington/USA,Pondexter,2010,202347,F,1610612759,"Pondexter, Quincy",104.3,230,9
St. John's University,USA,1998-06-29,Shamorie,6,1,1.85,1,,St. John's University/USA,Ponds,,1629044,G,1610612745,"Ponds, Shamorie",81.6,180,0
University of Michigan,USA,1999-06-19,Jordan,6,5,1.96,1,,University of Michigan/USA,Poole,,1629673,G,1610612744,"Poole, Jordan",86.6,191,0
University of Southern California,USA,2000-05-04,Kevin,6,6,1.98,1,,University of Southern California/USA,Porter Jr.,,1629645,G,1610612739,"Porter Jr., Kevin",98.0,216,0
University of Missouri,USA,1998-06-29,Michael,6,10,2.08,1,1,University of Missouri/USA,Porter Jr.,,1629008,F,1610612743,"Porter Jr., Michael",95.3,210,1
Georgetown,USA,1993-06-03,Otto,6,8,2.03,1,22,Georgetown/USA,Porter Jr.,2013,203490,F,1610612741,"Porter Jr., Otto",89.8,198,6
Arkansas,USA,1995-02-10,Bobby,6,11,2.11,1,,Arkansas/USA,Portis,2015,1626171,F,1610612752,"Portis, Bobby",113.4,250,4
 ,Latvia,1995-08-02,Kristaps,7,3,2.21,1,6,Cajasol Sevilla/Latvia,Porzingis,2015,204001,F-C,1610612742,"Porzingis, Kristaps",108.9,240,4
Stanford,Canada,1991-07-20,Dwight,6,11,2.11,1,7,Stanford/Canada,Powell,2014,203939,F-C,1610612742,"Powell, Dwight",108.9,240,5
UCLA,USA,1993-05-25,Norman,6,4,1.93,1,24,UCLA/USA,Powell,2015,1626181,F-G,1610612761,"Powell, Norman",97.5,215,4
Baylor,USA,1994-03-22,Taurean,6,8,2.03,1,,Baylor/USA,Prince,2016,1627752,F,1610612751,"Prince, Taurean",99.8,220,3
"University of California, Berkeley",USA,1997-02-04,Ivan,6,10,2.08,1,10,California/USA,Rabb,2017,1628397,F,1610612763,"Rabb, Ivan",99.8,220,2
Kentucky,USA,1994-11-29,Julius,6,9,2.06,1,,Kentucky/USA,Randle,2014,203944,C-F,1610612752,"Randle, Julius",113.4,250,5
Pennsylvania State University,USA,1997-06-04,Josh,6,5,1.96,1,,Penn State/USA,Reaves,,1629729,G,1610612742,"Reaves, Josh",97.1,214,0
Duke University,USA,1999-09-01,Cameron,6,8,2.03,1,22,Duke University/USA,Reddish,,1629629,F-G,1610612737,"Reddish, Cameron",94.3,208,0
Duke,USA,1984-06-24,JJ,6,4,1.93,1,4,Duke/USA,Redick,2006,200755,G,1610612740,"Redick, JJ",90.7,200,13
Tulane University,USA,1995-02-07,Cameron,6,8,2.03,1,,Tulane University/USA,Reynolds,2018,1629244,G-F,1610612749,"Reynolds, Cameron",102.1,225,1
Tennessee,USA,1993-09-15,Josh,6,6,1.98,1,,Tennessee/USA,Richardson,2015,1626196,G-F,1610612755,"Richardson, Josh",90.7,200,4
Duke,USA,1992-08-01,Austin,6,4,1.93,1,25,Duke/USA,Rivers,2012,203085,G,1610612745,"Rivers, Austin",90.7,200,7
Colorado,USA,1991-12-04,Andre,6,7,2.01,1,21,Colorado/USA,Roberson,2013,203460,G-F,1610612760,"Roberson, Andre",95.3,210,6
Florida,USA,1995-03-07,Devin,6,8,2.03,1,,Florida/USA,Robinson,2017,1628421,F,1610612761,"Robinson, Devin",90.7,200,2
Michigan,USA,1994-04-22,Duncan,6,8,2.03,1,55,Michigan/USA,Robinson,2018,1629130,F,1610612748,"Robinson, Duncan",95.3,210,1
Boston College,USA,1997-02-22,Jerome,6,5,1.96,1,10,Boston College/USA,Robinson,2018,1629010,G,1610612746,"Robinson, Jerome",86.2,190,1
Virginia Tech,USA,1997-10-12,Justin,6,2,1.88,1,,Virginia Tech/USA,Robinson,,1629620,G,1610612764,"Robinson, Justin",88.5,195,0
Western Kentucky University,USA,1998-04-01,Mitchell,7,1,2.16,1,23,Western Kentucky University/USA,Robinson,2018,1629011,C,1610612752,"Robinson, Mitchell",108.9,240,1
Michigan,USA,1994-01-08,Glenn,6,6,1.98,1,,Michigan/USA,Robinson III,2014,203922,G-F,1610612744,"Robinson III, Glenn",100.7,222,5
University of Nebraska?Lincoln,USA,1998-02-03,Isaiah,6,8,2.03,1,,University of Nebraska?Lincoln/USA,Roby,,1629676,F,1610612742,"Roby, Isaiah",104.3,230,0
 ,USA,1986-02-22,Rajon,6,1,1.85,1,9,Kentucky/USA,Rondo,2006,200765,G,1610612747,"Rondo, Rajon",84.4,186,13
Memphis,USA,1988-10-04,Derrick,6,3,1.9,1,25,Memphis/USA,Rose,2008,201565,G,1610612765,"Rose, Derrick",90.7,200,11
Washington,USA,1991-02-05,Terrence,6,7,2.01,1,8,Washington/USA,Ross,2012,203082,G-F,1610612753,"Ross, Terrence",93.4,206,7
Louisville,USA,1994-03-17,Terry,6,1,1.85,1,,Louisville/USA,Rozier,2015,1626179,G,1610612766,"Rozier, Terry",86.2,190,4
 ,Spain,1990-10-21,Ricky,6,4,1.93,1,11,FC Barcelona/Spain,Rubio,2011,201937,G,1610612756,"Rubio, Ricky",86.2,190,8
Ohio State,USA,1996-02-23,D'Angelo,6,5,1.96,1,,Ohio State/USA,Russell,2015,1626156,G,1610612744,"Russell, D'Angelo",89.8,198,4
Gonzaga,Lithuania,1996-05-03,Domantas,6,11,2.11,1,11,Gonzaga/Lithuania,Sabonis,2016,1627734,F,1610612754,"Sabonis, Domantas",108.9,240,3
 ,Croatia,2000-01-09,Luka,6,11,2.11,1,19, Croatia/Croatia,Samanic,,1629677,F,1610612759,"Samanic, Luka",103.0,227,0
Louisiana State University,USA,1997-05-01,Brandon,6,5,1.96,1,44,Louisiana State University/USA,Sampson,2018,1629102,G,1610612741,"Sampson, Brandon",83.5,184,1
"St. John's, N.Y.",USA,1993-03-20,JaKarr,6,9,2.06,1,14,St. John's (NY)/USA,Sampson,2014,203960,F,1610612754,"Sampson, JaKarr",97.5,215,4
 ,Croatia,1994-04-08,Dario,6,10,2.08,1,20,Anadolu Efes (Turkey)/Croatia,Saric,2016,203967,F,1610612756,"Saric, Dario",102.1,225,3
 ,Czech Republic,1991-10-30,Tomas,6,7,2.01,1,31, Czech Republic/Czech Republic,Satoransky,2016,203107,G-F,1610612741,"Satoransky, Tomas",95.3,210,3
University of Tennessee,United Kingdom,1997-03-30,Admiral,6,5,1.96,1,, United Kingdom/United Kingdom,Schofield,,1629678,F,1610612764,"Schofield, Admiral",109.3,241,0
 ,Germany,1993-09-15,Dennis,6,1,1.85,1,17,Germany/Germany,Schroder,2013,203471,G,1610612760,"Schroder, Dennis",78.0,172,6
Virginia,USA,1988-07-16,Mike,6,8,2.03,1,1,Virginia/USA,Scott,2012,203118,F,1610612755,"Scott, Mike",107.5,237,7
University of Alabama,USA,1999-01-04,Collin,6,2,1.88,1,2,University of Alabama/USA,Sexton,2018,1629012,G,1610612739,"Sexton, Collin",86.2,190,1
Wichita State University,USA,1997-03-13,Landry,6,5,1.96,1,20,Wichita State University/USA,Shamet,2018,1629013,G,1610612746,"Shamet, Landry",85.3,188,1
Iowa State University,Canada,1995-07-26,Marial,6,5,1.96,1,, Canada/Canada,Shayok,,1629621,G,1610612755,"Shayok, Marial",88.9,196,0
New Mexico State,Cameroon,1994-04-02,Pascal,6,9,2.06,1,43,New Mexico State/Cameroon,Siakam,2016,1627783,F,1610612761,"Siakam, Pascal",104.3,230,3
University of South Carolina,Gabon,1996-09-19,Chris,6,9,2.06,1,,South Carolina/Gabon,Silva,,1629735,F,1610612748,"Silva, Chris",102.1,225,0
Louisiana State,Australia,1996-07-20,Ben,6,10,2.08,1,25,Louisiana State/Australia,Simmons,2017,1627732,G-F,1610612755,"Simmons, Ben",104.3,230,3
 ,USA,1999-06-08,Anfernee,6,4,1.93,1,1,USA/USA,Simons,2018,1629014,G,1610612757,"Simons, Anfernee",83.9,185,1
 ,Lithuania,2000-06-10,Deividas,6,8,2.03,1,37, Lithuania,Sirvydis,,1629686,G,1610612765,"Sirvydis, Deividas",86.2,190,0
 ,Serbia,2000-08-18,Alen,6,9,2.06,1,, Serbia/Serbia,Smailagic,,1629346,F,1610612744,"Smailagic, Alen",98.0,216,0
Oklahoma State,USA,1994-03-06,Marcus,6,4,1.93,1,36,Oklahoma State/USA,Smart,2014,203935,G,1610612738,"Smart, Marcus",99.8,220,5
Wake Forest,USA,1988-07-05,Ish,6,0,1.83,1,,Wake Forest/USA,Smith,2010,202397,G,1610612764,"Smith, Ish",79.4,175,9
Texas Tech University,USA,1999-06-04,Zhaire,6,4,1.93,1,8,Texas Tech University/USA,Smith,2018,1629015,G,1610612755,"Smith, Zhaire",90.3,199,1
North Carolina State,USA,1997-11-25,Dennis,6,3,1.9,1,5,North Carolina State/USA,Smith Jr.,2017,1628372,G,1610612752,"Smith Jr., Dennis",88.5,195,2
 ,USA,1991-11-10,Tony,6,7,2.01,1,17,New Mexico/USA,Snell,2013,203503,G,1610612765,"Snell, Tony",96.6,213,6
Louisville,USA,1997-03-11,Ray,6,10,2.08,1,,Louisville/USA,Spalding,2018,1629034,F,1610612737,"Spalding, Ray",97.5,215,1
Villanova University,USA,1997-07-21,Omari,6,9,2.06,1,,Villanova University/USA,Spellman,2018,1629016,F,1610612744,"Spellman, Omari",111.1,245,1
DePaul University,USA,1996-03-28,Max,6,6,1.98,1,,DePaul University/USA,Strus,,1629622,G,1610612738,"Strus, Max",97.5,215,0
Xavier,USA,1995-12-31,Edmond,6,6,1.98,1,5,Xavier/USA,Sumner,2017,1628410,G,1610612754,"Sumner, Edmond",79.8,176,2
Purdue,USA,1997-04-18,Caleb,6,9,2.06,1,50,Purdue/USA,Swanigan,2017,1628403,F,1610612758,"Swanigan, Caleb",113.4,250,2
Duke,USA,1998-03-03,Jayson,6,8,2.03,1,0,Duke/USA,Tatum,2017,1628369,F,1610612738,"Tatum, Jayson",94.3,208,2
Wake Forest,USA,1988-06-10,Jeff,6,2,1.88,1,0,Wake Forest/USA,Teague,2009,201952,G,1610612750,"Teague, Jeff",88.5,195,10
Louisiana State,USA,1986-05-08,Garrett,6,6,1.98,1,,Louisiana State/USA,Temple,2009,202066,G-F,1610612751,"Temple, Garrett",88.5,195,9
 ,Germany,1992-04-04,Daniel,6,8,2.03,1,27,Germany/Germany,Theis,2017,1628464,F,1610612738,"Theis, Daniel",110.2,243,2
Washington,USA,1989-02-07,Isaiah,5,9,1.75,1,,Washington/USA,Thomas,2011,202738,G,1610612764,"Thomas, Isaiah",83.9,185,8
Creighton University,USA,1996-05-08,Khyri,6,3,1.9,1,13,Creighton University/USA,Thomas,2018,1629017,G,1610612765,"Thomas, Khyri",95.3,210,1
Iowa State University,USA,1994-08-04,Matt,6,5,1.96,1,,Iowa State/USA,Thomas,,1629744,G,1610612761,"Thomas, Matt",86.2,190,0
Washington State,USA,1990-02-08,Klay,6,7,2.01,1,11,Washington State/USA,Thompson,2011,202691,G,1610612744,"Thompson, Klay",97.5,215,8
Texas,Canada,1991-03-13,Tristan,6,10,2.08,1,13,Texas/Canada,Thompson,2011,202684,C-F,1610612739,"Thompson, Tristan",108.0,238,8
University of Washington,USA,1997-03-04,Matisse,6,5,1.96,1,,University of Washington/USA,Thybulle,,1629680,G-F,1610612755,"Thybulle, Matisse",90.7,200,0
Creighton,USA,1985-06-01,Anthony,6,8,2.03,1,43,Creighton/USA,Tolliver,2008,201229,F,1610612757,"Tolliver, Anthony",113.4,250,11
Kentucky,USA,1995-11-15,Karl-Anthony,7,0,2.13,1,32,Kentucky/USA,Towns,2015,1626157,C,1610612750,"Towns, Karl-Anthony",112.5,248,4
Duke University,USA,1999-01-18,Gary,6,6,1.98,1,2,Duke University/USA,Trent Jr.,2018,1629018,G,1610612757,"Trent Jr., Gary",93.0,205,1
University of Arizona,USA,1996-01-17,Allonzo,6,5,1.96,1,14,University of Arizona/USA,Trier,2018,1629019,G,1610612752,"Trier, Allonzo",90.7,200,1
Texas,USA,1985-05-05,PJ,6,6,1.98,1,17,Texas/USA,Tucker,2006,200782,F,1610612745,"Tucker, PJ",111.1,245,8
Ohio State,USA,1988-10-27,Evan,6,7,2.01,1,,Ohio State/USA,Turner,2010,202323,G-F,1610612737,"Turner, Evan",99.8,220,9
Texas,USA,1996-03-24,Myles,6,11,2.11,1,33,Texas/USA,Turner,2015,1626167,C-F,1610612754,"Turner, Myles",113.4,250,4
 ,Lithuania,1992-05-06,Jonas,7,0,2.13,1,17,"Utena, Lithuania/Lithuania",Valanciunas,2012,202685,C,1610612763,"Valanciunas, Jonas",120.2,265,7
Michigan State,USA,1993-11-16,Denzel,6,6,1.98,1,45,Michigan State/USA,Valentine,2016,1627756,G,1610612741,"Valentine, Denzel",95.3,210,3
University of Kentucky,USA,1999-04-03,Jarred,6,9,2.06,1,8,University of Kentucky/USA,Vanderbilt,2018,1629020,F,1610612743,"Vanderbilt, Jarred",97.1,214,1
Wichita State,USA,1994-02-25,Fred,6,0,1.83,1,23,Wichita State/USA,VanVleet,2016,1627832,G,1610612761,"VanVleet, Fred",88.5,195,3
Indiana,USA,1995-08-24,Noah,6,9,2.06,1,,Indiana/USA,Vonleh,2014,203943,F,1610612750,"Vonleh, Noah",113.4,250,5
USC,Montenegro,1990-10-24,Nikola,7,0,2.13,1,9,USCMontenegro/Montenegro,Vucevic,2011,202696,C,1610612753,"Vucevic, Nikola",117.9,260,8
Kansas State,USA,1996-11-20,Dean,6,10,2.08,1,,Kansas State/USA,Wade,,1629731,F,1610612739,"Wade, Dean",103.4,228,0
University of Michigan,Germany,1997-04-26,Moritz,6,11,2.11,1,,University of Michigan/Germany,Wagner,2018,1629021,C,1610612764,"Wagner, Moritz",111.1,245,1
Syracuse,USA,1991-12-10,Dion,6,4,1.93,1,11,Syracuse/USA,Waiters,2012,203079,G,1610612748,"Waiters, Dion",97.5,215,7
Connecticut,USA,1990-05-08,Kemba,6,1,1.85,1,8,Connecticut/USA,Walker,2011,202689,G,1610612738,"Walker, Kemba",83.5,184,8
University of Miami,USA,1998-12-14,Lonnie,6,5,1.96,1,1,University of Miami/USA,Walker IV,2018,1629022,G,1610612759,"Walker IV, Lonnie",93.0,205,1
Kentucky,USA,1990-09-06,John,6,4,1.93,1,2,Kentucky/USA,Wall,2010,202322,G,1610612764,"Wall, John",95.3,210,9
California,USA,1994-06-10,Tyrone,6,5,1.96,1,,California/USA,Wallace,2017,1627820,G,1610612750,"Wallace, Tyrone",89.8,198,2
,USA,1989-07-25,Brad,6,4,1.93,1,9,Pittsburgh/USA,Wanamaker,2018,202954,G,1610612738,"Wanamaker, Brad",95.3,210,1
North Carolina State,USA,1993-09-05,T.J.,6,8,2.03,1,1,North Carolina State/USA,Warren,2014,203933,F,1610612754,"Warren, T.J.",97.5,215,5
University of Kentucky,USA,1998-08-23,P.J.,6,7,2.01,1,,University of Kentucky/USA,Washington,,1629023,F,1610612766,"Washington, P.J.",107.0,236,0
,Japan,1994-10-13,Yuta,6,9,2.06,1,12,George Washington/Japan,Watanabe,2018,1629139,G-F,1610612763,"Watanabe, Yuta",93.0,205,1
Louisiana State University,USA,1998-01-10,Tremont,5,11,1.8,1,51, USA/USA,Waters,,1629682,G,1610612738,"Waters, Tremont",78.0,172,0
Mississippi State University,USA,1996-09-10,Quinndary,6,4,1.93,1,,Mississippi State University/USA,Weatherspoon,,1629683,G,1610612759,"Weatherspoon, Quinndary",93.9,207,0
,USA,1996-02-03,Thomas,7,0,2.13,1,, USA/USA,Welsh,2018,1629118,C,1610612766,"Welsh, Thomas",115.7,255,1
UCLA,USA,1988-11-12,Russell,6,3,1.9,1,0,UCLA/USA,Westbrook,2008,201566,G,1610612745,"Westbrook, Russell",90.7,200,11
University of North Carolina at Cha,USA,2000-02-16,Coby,6,5,1.96,1,0,University of North Carolina/USA,White,,1629632,G,1610612741,"White, Coby",86.6,191,0
Colorado,USA,1994-07-02,Derrick,6,4,1.93,1,4,Colorado/USA,White,2017,1628401,G,1610612759,"White, Derrick",86.2,190,2
Marshall,USA,1989-06-13,Hassan,7,0,2.13,1,21,MarshallUSA/USA,Whiteside,2010,202355,C,1610612757,"Whiteside, Hassan",120.2,265,7
Kansas,Canada,1995-02-23,Andrew,6,8,2.03,1,22,Kansas/Canada,Wiggins,2014,203952,F-G,1610612750,"Wiggins, Andrew",88.0,194,5
Washington,USA,1990-12-30,CJ,6,5,1.96,1,16,Washington/USA,Wilcox,2014,203912,G,1610612754,"Wilcox, CJ",88.5,195,5
University of Tennessee,USA,1998-11-30,Grant,6,7,2.01,1,40,University of Tennessee/USA,Williams,,1629684,F,1610612738,"Williams, Grant",108.9,240,0
Texas Christian University,USA,1994-12-02,Kenrich,6,7,2.01,1,34,Texas Christian University/USA,Williams,2018,1629026,G-F,1610612740,"Williams, Kenrich",95.3,210,1
No College,USA,1986-10-27,Lou,6,1,1.85,1,23,"South Gwinnett HS (Snellville, GA)/USA",Williams,2005,101150,G,1610612746,"Williams, Lou",79.4,175,14
North Carolina,USA,1986-06-19,Marvin,6,9,2.06,1,2,North CarolinaUSA/USA,Williams,2005,101107,F,1610612766,"Williams, Marvin",107.5,237,14
Indiana,USA,1994-12-30,Troy,6,7,2.01,1,19,Indiana/USA,Williams,2016,1627786,F,1610612758,"Williams, Troy",98.9,218,3
Gonzaga,USA,1994-09-16,Nigel,6,3,1.9,1,0,Gonzaga/USA,Williams-Goss,,1628430,G,1610612762,"Williams-Goss, Nigel",86.2,190,0
Texas A&M University,USA,1997-10-17,Robert,6,10,2.08,1,44,Texas A&M University/USA,Williams III,2018,1629057,C-F,1610612738,"Williams III, Robert",108.9,240,1
Duke University,USA,2000-07-06,Zion,6,7,2.01,1,1,Duke University/USA,Williamson,,1629627,F,1610612740,"Williamson, Zion",129.3,285,0
Michigan,USA,1996-02-19,D.J.,6,10,2.08,1,5,Michigan/USA,Wilson,2017,1628391,F,1610612749,"Wilson, D.J.",104.8,231,2
Belmont University,USA,1996-09-22,Dylan,6,8,2.03,1,,Belmont University/USA,Windler,,1629685,G-F,1610612739,"Windler, Dylan",88.9,196,0
Duke,USA,1996-03-26,Justise,6,7,2.01,1,20,Duke/USA,Winslow,2015,1626159,F-G,1610612748,"Winslow, Justise",102.1,225,4
UNLV,USA,1995-09-27,Christian,6,10,2.08,1,35,UNLV/USA,Wood,2015,1626174,F,1610612765,"Wood, Christian",97.1,214,3
Utah,USA,1992-04-26,Delon,6,5,1.96,1,,Utah/USA,Wright,2015,1626153,G,1610612742,"Wright, Delon",83.0,183,4
Hofstra University,USA,1997-10-27,Justin,6,2,1.88,1,3,Hofstra University/USA,Wright-Foreman,,1629625,G,1610612762,"Wright-Foreman, Justin",86.2,190,0
Georgia Tech,USA,1988-06-21,Thaddeus,6,8,2.03,1,21,Georgia Tech/USA,Young,2007,201152,F,1610612741,"Young, Thaddeus",100.2,221,12
University of Oklahoma,USA,1998-09-19,Trae,6,2,1.88,1,11,University of Oklahoma/USA,Young,2018,1629027,G,1610612737,"Young, Trae",81.6,180,1
Indiana,USA,1992-10-05,Cody,7,0,2.13,1,40,Indiana/USA,Zeller,2013,203469,C,1610612766,"Zeller, Cody",108.9,240,6
 ,Croatia,1997-01-04,Ante,6,11,2.11,1,41,Croatia/Croatia,Zizic,2017,1627790,C,1610612739,"Zizic, Ante",115.2,254,2
 ,Croatia,1997-03-18,Ivica,7,1,2.16,1,40,Mega Leks/Croatia,Zubac,2016,1627826,C,1610612746,"Zubac, Ivica",108.9,240,3
